gender,n,percentage,data
Male,3629827,48.36538526,2011 Census
Female,3875183,51.63461474,2011 Census
